code,name
159998,计算机ETF
159997,电子ETF
159996,家电ETF
159995,芯片ETF
159994,通信ETF银华
159993,证券ETF鹏华
159992,创新药ETF
159991,创业板大盘ETF招商
159985,豆粕ETF
159982,中证500ETF鹏华
159981,能源化工ETF建信
159980,有色ETF大成
159977,创业板ETF天弘
159976,湾创ETF工银
159975,深100ETF招商
159974,央企创新ETF富国
159973,民企ETF弘毅远方
159972,5年地债ETF
159971,创业板ETF富国
159970,深100ETF工银
159969,深100ETF银华
159968,中证500ETF博时
159967,创业板成长ETF
159966,创业板价值ETF
159965,央视50ETF国联
159964,创业板ETF平安
159961,深100ETF方正富邦
159960,恒生中国企业ETF
159959,央企ETF银华
159958,创业板ETF工银
159957,创业板ETF华夏
159956,创业板ETF建信
159954,恒生中国企业ETF南方
159952,创业板ETF广发
159949,创业板50ETF
159948,创业板ETF南方
159945,能源ETF广发
159944,材料ETF
159943,深证成指ETF大成
159941,纳指ETF
159940,金融地产ETF
159939,信息技术ETF
159938,医药ETF广发
159937,黄金ETF博时
159936,可选消费ETF
159935,中证500ETF景顺
159934,黄金ETF易方达
159933,金融地产ETF国投瑞银
159931,金融ETF
159930,能源ETF
159929,医药ETF
159928,消费ETF
159925,沪深300ETF南方
159923,中证A100ETF大成
159922,中证500ETF嘉实
159920,恒生ETF
159919,沪深300ETF嘉实
159918,中创400ETF嘉实
159916,基本面ETF建信
159915,创业板ETF易方达
159913,深价值ETF交银
159912,深300ETF汇添富
159910,基本面120ETF嘉实
159909,TMT50ETF招商
159908,创业板ETF博时
159907,2000ETF
159906,深成长ETF大成
159905,红利ETF工银
159903,深成ETF南方
159902,中小100ETF华夏
159901,深证100ETF易方达
159899,软件ETF招商
159898,医疗器械ETF招商
159896,物联网ETF南方
159895,物联网ETF易方达
159892,恒生医药ETF
159891,医疗ETF建信
159890,云计算ETF
159889,智能汽车ETF
159888,智能汽车ETF华夏
159887,银行ETF
159886,机械ETF富国
159885,碳中和ETF鹏华
159883,医疗器械ETF
159881,有色金属ETF国泰
159880,有色ETF鹏华
159877,医疗ETF南方
159876,有色ETF华宝
159875,新能源ETF嘉实
159873,医疗设备ETF
159872,智能网联汽车ETF
159871,有色ETF银华
159870,化工ETF
159869,游戏ETF
159867,畜牧ETF
159866,日经ETF工银
159865,养殖ETF
159864,光伏ETF国泰
159863,光伏ETF鹏华
159862,食品饮料ETF银华
159861,碳中和50ETF国泰
159859,生物医药ETF
159858,创新药ETF南方
159857,光伏ETF
159856,互联网龙头ETF工银
159855,影视ETF
159852,软件ETF
159851,金融科技ETF
159850,恒生国企ETF
159849,生物科技ETF招商
159848,证券ETF国联安
159847,医疗ETF易方达
159845,中证1000ETF
159843,食品饮料ETF
159842,券商ETF
159841,证券ETF
159840,锂电池ETF工银
159839,生物医药ETF汇添富
159838,医药50ETF博时
159837,生物科技ETF易方达
159836,创业板300ETF天弘
159835,创新药ETF建信
159834,金ETF南方
159831,金ETF嘉实
159830,上海金ETF
159828,医疗ETF
159827,农业ETF银华
159825,农业ETF
159824,新能源车ETF博时
159822,新经济ETF银华
159821,创业板ETF中银证券
159820,中证500ETF天弘
159819,人工智能ETF易方达
159816,0-4地债ETF
159814,创业大盘ETF西部利得
159813,半导体ETF
159812,黄金ETF前海开源
159811,5GETF博时
159810,创业板ETF浦银
159808,创100ETF融通
159807,科技ETF易方达
159806,新能源车ETF
159805,传媒ETF
159804,创中盘88ETF国寿
159801,芯片ETF广发
159800,中证800ETF鹏华
159798,消费ETF易方达
159797,医疗器械ETF汇添富
159796,电池ETF汇添富
159795,智能汽车ETF汇添富
159793,线上消费ETF基金
159792,港股通互联网ETF
159791,300ESGETF华夏
159790,碳中和ETF
159788,港股通100ETF易方达
159787,建材ETF易方达
159786,VRETF
159783,科创创业50ETF
159782,双创50ETF
159781,科创创业ETF易方达
159780,科创创业50ETF南方
159779,消费电子50ETF
159778,工业互联网ETF鹏华
159777,创科技ETF
159776,港股医药ETF银华
159775,电池ETF建信
159773,创业板科技ETF华泰柏瑞
159770,机器人ETF
159768,房地产ETF银华
159767,电池龙头ETF
159766,旅游ETF
159763,新材料ETF建信
159761,新材料ETF国泰
159760,医疗健康ETF泰康
159758,红利质量ETF
159757,电池ETF景顺
159755,电池ETF
159752,新能源ETF申万菱信
159751,港股通科技ETF鹏华
159750,港股科技50ETF招商
159748,创新药ETF富国
159747,香港科技ETF南方
159745,建材ETF
159743,湖北ETF博时
159742,恒生科技ETF博时
159741,恒生科技ETF嘉实
159740,恒生科技ETF大成
159739,云计算ETF鹏华
159738,云计算ETF华泰柏瑞
159736,食品饮料ETF天弘
159735,港股消费ETF银华
159732,消费电子ETF
159731,石化ETF
159730,家电ETF博时
159729,互联网ETF汇添富
159728,在线消费ETF南方
159726,港股通高股息ETF华夏
159725,线上消费ETF工银
159723,科技龙头ETF汇添富
159721,深证100ETF永赢
159720,智能车ETF泰康
159719,国企共赢ETF
159718,港股医药ETF
159717,ESGETF
159716,深证100ETF华宝
159715,稀土ETF易方达
159713,稀土ETF
159712,港股通50ETF国泰
159711,港股通50ETF华夏
159709,物联网ETF工银
159708,红利ETF西部利得
159707,地产ETF
159706,深证100ETF华安
159703,新材料ETF
159701,物联网ETF招商
159700,科创债ETF南方
159699,恒生消费ETF
159698,粮食ETF
159697,石油ETF鹏华
159696,纳指ETF易方达
159695,通信ETF嘉实
159692,证券ETF东财
159691,港股红利ETF工银
159690,有色矿业ETF招商
159689,消费ETF南方
159688,恒生互联网ETF
159687,亚太精选ETF南方
159686,A100ETF易方达
159685,1000增强ETF天弘
159682,创业板50ETF景顺
159681,创50ETF
159680,中证1000增强ETF招商
159679,中证1000增强ETF国泰
159678,500增强ETF博时
159677,中证1000增强ETF银华
159676,创业板增强ETF富国
159675,创业板增强ETF嘉实
159673,沪深300ETF鹏华
159672,消费ETF博时
159671,稀有金属ETF工银
159670,消费50ETF国联安
159669,绿色电力ETF国泰
159667,工业母机ETF
159666,交通运输ETF
159665,半导体龙头ETF工银
159663,机床ETF
159662,交运ETF南方
159661,A100ETF嘉实
159660,纳指ETF汇添富
159659,纳斯达克100ETF
159658,数字经济ETF
159657,疫苗ETF鹏华
159656,沪深300成长ETF万家
159655,标普ETF
159653,ESG300ETF
159652,有色ETF汇添富
159651,国开债券ETF
159650,国开债ETF博时
159649,国开债ETF
159647,中药ETF
159645,疫苗ETF富国
159643,疫苗ETF
159642,碳中和ETF大成
159641,碳中和ETF招商
159640,碳中和龙头ETF工银
159639,碳中和ETF南方
159638,高端装备ETF嘉实
159637,新能源车ETF东财
159636,港股通科技30ETF工银
159635,基建ETF华夏
159633,中证1000ETF易方达
159632,纳斯达克ETF
159631,A100ETF招商
159630,A100ETF汇添富
159629,1000ETF
159628,国证2000ETF万家
159627,A100ETF华夏
159625,绿色电力ETF嘉实
159623,成渝经济圈ETF博时
159622,创新药ETF东财
159621,ESGETF国泰
159620,中证500成长ETF华夏
159619,基建ETF
159618,光伏ETF指数基金
159617,中证500价值ETF华夏
159616,农牧ETF建信
159615,恒生生物科技ETF南方
159613,信息安全ETF嘉实
159612,标普500ETF
159611,电力ETF
159610,500ETF增强
159609,光伏ETF浦银
159608,稀有金属ETF
159607,中概互联网ETF嘉实
159606,中证500成长ETF易方达
159605,中概互联ETF
159603,双创龙头ETF
159602,中国A50ETF南方
159601,A50ETF
159600,科创债ETF嘉实
159599,芯片ETF东财
159597,创业板成长ETF易方达
159596,A50ETF华宝
159595,中证A50ETF大成
159593,中证A50指数ETF
159592,A50ETF基金
159591,中证A50ETF
159590,软件ETF汇添富
159589,红利ETF广发
159588,石油天然气ETF
159587,粮食ETF广发
159586,计算机ETF南方
159583,通信设备ETF
159582,半导体ETF博时
159581,红利ETF万家
159578,深证主板50ETF南方
159577,美国50ETF汇添富
159576,深证100ETF广发
159575,创业板200ETF银华
159573,创业板200ETF华夏
159572,创业板200ETF易方达
159571,创业板200ETF富国
159570,港股通创新药ETF
159569,港股红利低波ETF
159568,港股互联网ETF博时
159567,港股创新药ETF
159566,储能电池ETF易方达
159565,汽车零部件ETF易方达
159563,创业板综ETF华夏
159562,黄金股ETF
159561,德国ETF嘉实
159560,芯片ETF景顺
159559,机器人50ETF
159558,半导体设备ETF易方达
159557,恒生医疗ETF嘉实
159556,中证2000ETF增强
159555,中证2000增强ETF银华
159553,中证2000增强ETF海富通
159552,中证2000增强ETF招商
159551,机器人ETF国泰
159550,互联网ETF东财
159549,红利低波ETF天弘
159547,红利低波ETF华夏
159546,集成电路ETF
159545,恒生红利低波ETF易方达
159543,国证2000ETF工银
159542,工程机械ETF大成
159541,创业板综ETF万家
159540,信创ETF易方达
159539,信创ETF广发
159538,信创ETF富国
159537,信创ETF
159536,中证2000ETF汇添富
159535,中证2000ETF嘉实
159533,中证2000ETF博时
159532,中证2000ETF易方达
159531,中证2000ETF
159530,机器人ETF易方达
159529,标普消费ETF
159528,国企改革ETF富国
159527,云计算ETF广发
159526,机器人ETF嘉实
159525,红利低波ETF
159523,沪深300成长ETF华夏
159521,国证2000ETF指数基金
159520,消费龙头ETF工银
159519,港股国企ETF国泰
159518,标普油气ETF嘉实
159517,中证800增强ETF银华
159516,半导体设备ETF
159515,国企红利ETF
159513,纳斯达克100ETF大成
159512,汽车ETF
159511,通信ETF南方
159510,沪深300价值ETF
159509,纳指科技ETF景顺
159508,生物医药ETF基金
159507,通信ETF广发
159506,港股通医疗ETF富国
159505,国证2000ETF博时
159502,标普生物科技ETF嘉实
159501,纳指ETF嘉实
159500,500ETF
159400,科创债ETF景顺
159399,现金流ETF
159398,信用债ETF天弘
159397,信用债ETF广发
159396,信用债ETF博时
159395,信用债ETF大成
159393,沪深300ETF万家
159392,航空ETF
159391,大盘价值ETF博时
159390,中证A50ETF国联
159389,数字经济ETF嘉实
159388,创业板人工智能ETF国泰
159387,创业板新能源ETF国泰
159386,A500ETF永赢
159385,数字经济ETF富国
159383,创业板50ETF华泰柏瑞
159382,创业板人工智能ETF南方
159381,创业板人工智能ETF华夏
159380,A500ETF东财
159379,A500ETF融通
159378,通用航空ETF
159377,创业板医药ETF国泰
159376,A500ETF浦银
159375,创业板50ETF国泰
159373,创业板50ETF嘉实
159372,创业板50ETF万家
159371,创业板50ETF富国
159370,创50ETF工银
159369,创业板50ETF易方达
159368,创业板新能源ETF华夏
159367,创业板50ETF华夏
159366,港股医疗ETF永赢
159365,恒指ETF
159363,创业板人工智能ETF华宝
159362,A500ETF工银
159361,A500ETF易方达
159360,中证A500ETF天弘
159359,A500指数ETF
159358,中证A500ETF大成
159357,A500ETF博时
159356,A500ETF万家
159355,800红利低波ETF
159353,中证A500ETF景顺
159352,A500ETF南方
159351,A500ETF嘉实
159350,深证50ETF富国
159339,A500ETF
159338,中证A500ETF
159337,中证500ETF东财
159336,央企红利ETF融通
159335,央企科创ETF融通
159333,港股央企红利ETF万家
159332,央企红利ETF富国
159331,红利港股ETF国泰
159330,沪深300ETF东财
159329,沙特ETF南方
159328,家电ETF易方达
159327,半导体设备ETF万家
159326,电网设备ETF
159325,半导体ETF南方
159323,港股通汽车ETF
159322,黄金股票ETF基金
159321,黄金股票ETF
159320,电网设备ETF广发
159318,恒指港股通ETF银华
159316,港股通创新药ETF易方达
159315,黄金股ETF工银
159312,恒指港股通ETF广发
159311,数字经济ETF易方达
159310,芯片ETF天弘
159309,油气ETF汇添富
159307,红利低波100ETF博时
159306,汽车零件ETF
159305,储能电池ETF广发
159303,恒生医疗ETF大成
159302,港股高股息ETF
159301,公用事业ETF
159300,300ETF
159299,金融科技ETF易方达
159298,创业板50ETF大成
159297,港股通创新药ETF南方
159296,A500红利低波ETF
159295,创业综指ETF西部利得
159293,创业板综增强ETF建信
159292,创业板综增强ETF华宝
159291,创业板综增强ETF招商
159290,创业板综指增强ETF东财
159289,创业板综指ETF鹏华
159288,创业板综ETF银华
159287,创业板综ETF博时
159286,港股通创新药ETF鹏华
159285,港股通消费ETF华安
159283,通用航空ETF南方
159281,港股通央企红利ETF天弘
159280,港股通互联网ETF汇添富
159279,创业板人工智能ETF华安
159278,机器人ETF鹏华
159277,港股通红利ETF富国
159276,现金流ETF汇添富
159275,农牧渔ETF
159273,云计算ETF汇添富
159272,机器人ETF富国
159271,恒生ETF鹏华
159270,创业板200ETF南方
159269,港股通科技ETF南方
159268,港股通消费ETF汇添富
159267,航天ETF
159266,港股通央企红利ETF
159265,港股消费ETF鹏华
159263,价值ETF易方达
159262,港股通科技ETF
159261,创业板新能源ETF鹏华
159260,证券ETF博时
159259,成长ETF易方达
159258,机器人ETF南方
159257,航空ETF汇添富
159256,创业板软件ETF华夏
159255,通用航空ETF易方达
159253,银行ETF博时
159251,港股通科技ETF万家
159249,A500增强ETF工银
159248,人工智能ETF万家
159247,创业板ETF汇添富
159246,创业板人工智能ETF富国
159245,港股通消费ETF
159243,创业板人工智能ETF招商
159242,创业板人工智能ETF大成
159241,航空航天ETF天弘
159240,中证A500增强ETF天弘
159239,港股通汽车ETF富国
159238,300ETF增强
159237,港股汽车ETF工银
159236,自由现金流ETF工银
159235,中证现金流ETF大成
159233,自由现金流ETF基金
159232,自由现金流ETF南方
159231,通用航空ETF华宝
159230,通用航空ETF华夏
159229,自由现金流ETF广发
159228,红利低波ETF长城
159227,航空航天ETF
159226,中证A500增强ETF国泰
159225,现金流ETF基金
159223,现金流ETF永赢
159222,自由现金流ETF易方达
159221,现金流ETF嘉实
159220,港股通红利低波ETF华宝
159219,深证100ETF融通
159218,卫星ETF招商
159217,港股通创新药ETF工银
159216,深证100ETF大成
159215,中证A500ETF指数基金
159213,机器人ETF汇添富
159212,深100ETF南方
159211,深证100ETF富国
159210,港股通汽车ETF汇添富
159209,中证红利质量ETF
159208,航空航天ETF万家
159207,高股息ETF
159206,卫星ETF
159205,创业板ETF东财
159203,大盘成长ETF博时
159202,恒生互联网ETF万家
159201,自由现金流ETF
159200,科创债ETF富国
159168,有色ETF富国
159167,港股通医疗ETF工银
159165,养殖ETF永赢
159163,有色ETF泰康
159162,工业有色ETF鹏华
159159,公用事业ETF国投瑞银
159158,电力ETF景顺
159157,有色金属ETF天弘
159156,电池ETF万家
159155,电池ETF大成
159153,消费电子ETF鹏华
159152,港股通科技ETF平安
159151,食品ETF华夏
159150,深证50ETF易方达
159149,创业板新能源ETF工银
159148,石油ETF富国
159147,电池ETF南方
159146,电力ETF华宝
159145,工业软件ETF广发
159143,港股通央企红利ETF平安
159142,科创创业人工智能ETF景顺
159141,科创创业人工智能ETF永赢
159140,科创创业人工智能ETF易方达
159139,科创创业人工智能ETF华泰柏瑞
159138,工程机械ETF易方达
159137,港股通医疗ETF华宝
159136,A50ETF广发
159135,港股通科技ETF前海开源
159133,化工ETF天弘
159132,恒生生物科技ETF富国
159131,港股信息技术ETF
159130,恒生生物科技ETF鹏华
159129,化工ETF嘉实
159128,港股科技ETF天弘
159127,港股通红利ETF南方
159126,港股通50ETF南方
159125,港股通科技ETF招商
159123,光伏ETF嘉实
159122,创业板新能源ETF富国
159121,港股通汽车ETF易方达
159120,港股科技30ETF
159119,800现金流ETF
159118,港股通红利低波ETF基金
159117,港股通红利低波ETF
159116,科创债ETF工银
159115,科创债ETF华安
159113,科创债ETF大成
159112,科创债ETF银华
159111,科创债ETF天弘
159110,科创债ETF万家
159109,恒生50ETF
159108,工业软件ETF博时
159107,创业板软件ETF富国
159106,民企300ETF前海开源
159105,恒生生物科技ETF易方达
159103,金融科技ETF汇添富
159102,港股通生物科技ETF
159101,港股通科技ETF基金
159100,巴西ETF
159005,汇添富快钱ETF
159003,招商快线ETF
159001,货币ETF易方达
589990,科创综指ETF华泰柏瑞
589980,科创100ETF汇添富
589960,科创新能源ETF易方达
589950,科创100ETF富国
589900,科创综指ETF博时
589890,科创综指ETF景顺
589880,科创综指ETF建信
589860,科创综指ETF天弘
589850,科创50ETF东财
589820,科创200ETF建信
589800,科创综指ETF易方达
589780,科创200ETF富国
589770,科创综指ETF招商
589720,科创创新药ETF国泰
589700,科创成长ETF南方
589680,科创综指ETF鹏华
589660,科创综指ETF南方
589630,科创综指ETF国泰
589600,科创综指ETF富国
589580,科创综指ETF兴银
589560,科创人工智能ETF汇添富
589550,科创价值ETF华夏
589520,科创人工智能ETF华宝
589500,科创综指ETF工银
589380,科创AIETF富国
589300,科创综指ETF嘉实
589230,科创人工智能ETF南方
589220,科创200ETF国泰
589210,科创芯片设计ETF广发
589200,科创200ETF工银
589190,科创芯片ETF华宝
589180,科创新材料ETF汇添富
589170,科创芯片设计ETF鹏华
589160,科创芯片ETF广发
589150,科创50ETF平安
589130,科创芯片ETF易方达
589120,科创创新药ETF汇添富
589110,科创人工智能ETF国泰
589100,科创芯片ETF国泰
589090,科创AIETF鹏华
589080,科创综指ETF汇添富
589070,科创芯片设计ETF天弘
589060,科创综指ETF东财
589050,科创综指ETF兴业
589030,科创芯片设计ETF易方达
589020,科创半导体设备ETF鹏华
589010,科创人工智能ETF华夏
589000,科创综指ETF华夏
588990,科创芯片ETF博时
588980,科创100ETF广发
588960,科创板新能源ETF
588950,科创50ETF景顺
588940,科创50ETF富国
588930,科创人工智能ETF银华
588920,科创芯片ETF鹏华
588910,科创价值ETF建信
588900,科创100ETF南方
588890,科创芯片ETF南方
588880,科创100ETF华泰柏瑞
588870,科创50ETF汇添富
588860,科创医药ETF工银
588850,科创机械ETF嘉实
588840,科创50ETF万家
588830,科创新能源ETF
588820,科创200ETF华夏
588810,科创芯片ETF富国
588800,科创100ETF华夏
588790,科创AIETF博时
588780,科创芯片设计ETF
588770,科创信息ETF摩根
588760,科创人工智能ETF广发
588750,科创芯片ETF汇添富
588730,科创人工智能ETF易方达
588720,科创50ETF中银
588710,科创半导体设备ETF
588700,科创医药ETF嘉实
588690,科创增强ETF银华
588680,科创100ETF增强指数基金
588670,科创综指增强ETF嘉实
588660,科创创业50ETF基金
588550,科创综指增强ETF易方达
588520,科创增强ETF
588500,科创100增强ETF易方达
588460,科创50增强ETF
588450,科创50增强ETF招商
588430,科创创业人工智能ETF工银
588420,科创创业人工智能ETF摩根
588410,科创创业人工智能ETF鹏华
588400,科创创业ETF嘉实
588390,科创创业ETF博时
588380,双创50ETF
588370,科创50增强ETF南方
588360,科创创业ETF国泰
588350,双创50ETF基金
588330,双创龙头ETF
588320,双创50ETF增强
588310,双创ETF基金
588300,科创创业50ETF招商
588290,科创芯片ETF基金
588280,科创50ETF指数基金
588270,科创200ETF易方达
588260,科创信息ETF
588250,科创生物医药ETF
588240,科创200ETF鹏华
588230,科创200ETF
588220,科创100ETF鹏华
588210,科创100ETF易方达
588200,科创芯片ETF
588190,科创100ETF
588180,科创50ETF基金
588170,科创半导体ETF
588160,科创新材料ETF南方
588150,科创50ETF南方
588140,科创200ETF广发
588130,科创医药ETF华夏
588120,科创100ETF国泰
588110,科创成长ETF
588100,科创信息ETF嘉实
588090,科创50ETF华泰柏瑞
588080,科创50ETF易方达
588070,科创成长ETF万家
588060,科创50ETF广发
588050,科创50ETF工银
588040,科创50ETF鹏华
588030,科创100ETF博时
588020,科创成长ETF易方达
588010,科创新材料ETF博时
588000,科创50ETF
563990,800现金流ETF
563980,800红利低波ETF鑫元
563960,300质量ETF兴全
563930,上证增强ETF招商
563900,300自由现金流ETF摩根
563890,国企红利ETF创金合信
563880,A500ETF汇添富
563870,通用航空ETF鹏华
563860,中证A500ETF海富通
563850,食品ETF广发
563830,全指现金流ETF博时
563800,A500ETF龙头
563790,卫星ETF鹏华
563780,现金流全指ETF
563770,全指现金流ETF招商
563760,全指自由现金流ETF
563750,中证500ETF汇添富
563700,红利价值ETF易方达
563690,红利低波ETF永赢
563680,800现金流ETF汇添富
563670,金融科技ETF鹏华
563660,A500ETF银河
563650,中证A500ETF兴业
563630,A500增强ETF国联安
563620,全指现金流ETF兴业
563600,A500增强ETF易方达
563590,A500红利低波动ETF国寿
563580,自由现金流800ETF万家
563570,金融科技ETF兴业
563560,科技成长ETF兴业
563550,A500增强ETF摩根
563530,卫星ETF易方达
563520,沪深300ETF永赢
563510,A500红利低波ETF易方达
563500,A500ETF华宝
563390,现金流ETF全指
563380,航空航天ETF
563360,A500ETF华泰柏瑞
563350,中证A50ETF
563330,A股ETF
563320,通用航空ETF
563300,中证2000ETF
563280,A50增强ETF富国
563230,卫星ETF
563220,中证A500ETF富国
563210,专精特新ETF
563200,中证2000ETF富国
563180,高股息ETF
563150,油气ETF银华
563090,上证50增强ETF易方达
563080,中证A50ETF易方达
563060,央企50ETF易方达
563050,央企科技ETF易方达
563030,中证500增强ETF易方达
563020,红利低波ETF易方达
563010,电信ETF易方达
563000,中国A50ETF易方达
562990,碳中和ETF易方达
562970,光伏ETF易方达
562960,绿色电力ETF易方达
562950,消费电子ETF易方达
562930,软件ETF易方达
562920,信息安全ETF易方达
562910,高端制造ETF易方达
562900,农业ETF易方达
562890,A50ETF嘉实
562880,电池ETF嘉实
562870,证券ETF嘉实
562860,疫苗ETF嘉实
562850,央企能源ETF嘉实
562820,集成电路ETF嘉实
562810,上证指数增强ETF嘉实
562800,稀有金属ETF
562700,汽车零部件ETF
562660,中证2000ETF华夏
562600,医疗器械ETF
562590,半导体设备ETF华夏
562580,可选消费ETF
562570,信创ETF
562560,信息技术ETF
562550,绿电ETF
562530,中证1000价值ETF
562520,中证1000成长ETF
562510,旅游ETF
562500,机器人ETF
562390,中药ETF银华
562380,央企科技ETF银华
562360,机器人ETF银华
562350,电力ETF银华
562340,中证500成长ETF银华
562330,中证500价值ETF银华
562320,沪深300价值ETF银华
562310,沪深300成长ETF银华
562300,碳中和ETF银华
562080,300现金流ETF
562070,沪深300指增ETF
562060,标普A股红利ETF华宝
562050,药ETF
562030,信创ETF基金
562010,绿色能源ETF
562000,中证A100ETF基金
561990,沪深300增强ETF招商
561980,半导体设备ETF
561960,央企回报ETF招商
561950,中证500增强ETF招商
561930,沪深300ETF招商
561920,疫苗ETF招商
561910,电池ETF
561900,沪深300ESGETF招商
561880,A100ETF基金
561870,自由现金流ETF全指
561800,稀有金属ETF基金
561790,央企能源ETF博时
561780,1000增强ETF博时
561770,A100ETF博时
561760,油气ETF博时
561750,A50ETF博时
561700,电力ETF博时
561680,中证A500红利低波ETF
561660,通用航空ETF基金
561600,消费电子ETF
561590,中证1000增强ETF
561580,央企红利ETF华泰柏瑞
561570,油气ETF华泰柏瑞
561560,电力ETF
561550,500增强ETF
561510,中药ETF华泰柏瑞
561500,漂亮50ETF
561380,电网ETF
561370,中证2000ETF国泰
561360,石油ETF
561350,中证500ETF国泰
561330,矿业ETF
561320,交运ETF
561310,消电ETF国泰
561300,沪深300增强ETF国泰
561280,中证1000增强ETF工银
561260,能源ETF工银
561230,中证A50ETF工银
561220,数字经济ETF工银
561200,中证A100ETF工银
561190,碳中和ETF富国
561180,A100ETF
561170,绿色电力ETF
561160,电池ETF富国
561130,国货ETF富国
561120,家电ETF
561100,消费电子ETF富国
561090,中证A500增强ETF
561080,自由现金流ETF中证全指
561060,国企红利ETF
561010,软件ETF基金
561000,沪深300ETF增强基金
560990,科技先锋ETF中金
560980,光伏龙头ETF广发
560950,中证500增强ETF汇添富
560900,创新药ETF摩根
560890,红利低波ETF新华
560880,家电ETF广发
560860,工业有色ETF万家
560850,信创ETF汇添富
560820,中证A50ETF新华
560810,央企ESGETF融通
560800,数字经济ETF
560780,半导体设备ETF广发
560770,机器人指数ETF
560750,A500ETF申万菱信
560710,船舶ETF
560700,央企红利ETF广发
560690,电信ETF鹏华
560680,消费ETF广发
560660,云计算50ETF新华
560650,核心50ETF民生加银
560630,机器人ETF万家
560620,公用事业ETF万家
560610,A500ETF招商
560590,中证1000增强ETF鹏华
560580,电力ETF南方
560570,A500红利ETF
560560,碳中和ETF泰康
560550,碳中和ETF广发
560530,中证A500ETF摩根
560520,红利低波100ETF大成
560510,中证A500ETF
560500,500质量成长ETF
560380,A100ETF南方
560370,红利质量ETF易方达
560360,软件ETF万家
560350,中证A50ETF摩根
560330,沪深300价值ETF申万菱信
560310,光伏ETF博时
560300,电信ETF汇添富
560290,有色ETF景顺
560280,工程机械ETF
560260,医疗ETF广发
560230,光伏ETF富国
560220,中证2000ETF广发
560190,公用事业ETF
560180,沪深300ESGETF南方
560170,央企科技ETF南方
560160,医疗器械ETF
560150,红利低波ETF泰康
560130,食品ETF鹏华
560120,现金流500ETF
560110,中证1000ETF汇添富
560100,中证500增强ETF南方
560090,证券ETF汇添富
560080,中药ETF
560070,央企红利ETF汇添富
560060,碳中和ETF汇添富
560050,中国A50ETF汇添富
560030,800价值ETF汇添富
560020,红利ETF汇添富
560010,中证1000ETF广发
560000,智能电车ETF浦银
551900,科创债ETF招商
551800,科创债ETF国泰
551580,科创债ETF泰康
551560,科创债ETF兴业
551550,科创债ETF华夏
551520,科创债ETF汇添富
551510,科创债ETF华泰柏瑞
551500,科创债ETF易方达
551300,科创债ETF摩根
551060,科创债ETF中银
551030,科创债ETF鹏华
551000,科创债ETF博时
530880,红利国企ETF银河
530800,上证180ETF银华
530680,上证180ETF兴业
530580,上证180ETF南方
530530,上证580ETF华夏
530380,上证380ETF易方达
530300,上证180ETF华泰柏瑞
530280,上证180ETF指数基金
530180,上证180ETF易方达
530100,上证580ETF易方达
530080,上证180ETF天弘
530060,上证指数ETF易方达
530050,上证50ETF东财
530000,上证50ETF天弘
520990,港股央企红利50ETF
520980,港股通科技ETF汇添富
520970,港股通创新药ETF嘉实
520960,恒指港股通ETF嘉实
520950,港股通50ETF摩根
520940,港股通恒生ETF
520930,恒生生物科技ETF国泰
520920,恒生科技ETF天弘
520910,港股通互联网ETF基金
520900,港股通红利ETF广发
520890,港股通红利低波ETF华泰柏瑞
520880,港股通创新药ETF
520870,巴西ETF易方达
520860,港股通科技ETF富国
520850,港股通医疗ETF易方达
520840,港股通恒生科技ETF
520830,沙特ETF
520820,恒生港股通ETF汇添富
520810,港股通红利ETF易方达
520780,港股通汽车ETF华宝
520770,恒指港股通ETF建信
520760,恒生生物科技ETF摩根
520720,港股汽车ETF国泰
520700,港股通创新药ETF万家
520690,港股创新药ETF博时
520670,港股通科技ETF嘉实
520660,港股通央企红利ETF南方
520650,港股通互联网ETF南方
520630,港股通互联网ETF广发
520620,恒生消费ETF嘉实
520610,港股红利低波ETF银华
520600,港股汽车ETF
520590,恒生科技ETF鹏华
520580,新兴亚洲ETF招商
520570,恒生科技ETF南方
520560,香港大盘30ETF
520550,港股红利低波ETF
520530,港股通科技ETF东财
520520,恒生消费ETF华泰柏瑞
520510,港股通医疗ETF
520500,恒生创新药ETF
518890,中银上海金ETF
518880,黄金ETF
518860,上海金ETF建信
518850,黄金ETF华夏
518800,黄金ETF国泰
518680,金ETF
518660,黄金ETF工银
518600,上海金ETF
517990,沪港深医药ETF招商
517950,沪深港科技50ETF交银
517900,银行AH优选ETF
517880,品牌消费ETF
517850,张江ETF汇添富
517800,人工智能50ETF
517770,游戏传媒ETF浦银
517660,物联网ETF天弘
517550,沪港深消费龙头ETF招商
517520,黄金股ETF
517400,黄金股票ETF
517390,云计算ETF天弘
517380,创新药ETF天弘
517360,科技ETF沪港深
517350,沪港深科技ETF广发
517330,长江保护ETF易方达
517300,沪港深300ETF国寿
517200,互联网ETF嘉实
517180,中国国企ETF南方
517170,沪港深500ETF华夏
517160,长江保护ETF南方
517120,创新药ETF华泰柏瑞
517110,创新药ETF国泰
517100,沪港深500ETF富国
517090,央企共赢ETF国泰
517080,沪港深500ETF汇添富
517050,互联网ETF华泰柏瑞
517030,沪港深300ETF易方达
517010,沪港深500ETF易方达
517000,沪港深500ETF
516980,证券ETF先锋
516970,基建ETF广发
516960,机械ETF国泰
516950,基建ETF银华
516930,生物科技ETF民生加银
516920,芯片ETF汇添富
516910,物流ETF富国
516900,食品饮料ETF基金
516890,新材料ETF指数基金
516880,光伏ETF银华
516860,金融科技ETF博时
516850,新能源ETF华夏
516830,300ESGETF
516820,医疗创新ETF
516810,农业ETF华夏
516800,智能制造ETF
516790,医疗ETF华泰柏瑞
516780,稀土ETF
516770,游戏ETF华泰柏瑞
516760,养殖ETF
516750,建材ETF
516730,证券ETF浦银
516720,ESGETF浦银
516710,新材料ETF华夏
516700,大数据产业ETF
516670,畜牧养殖ETF
516660,新能源车ETF基金
516650,有色金属ETF基金
516640,芯片ETF富国
516630,云计算ETF华夏
516620,影视ETF
516610,医疗设备ETF大成
516600,消费服务ETF工银
516590,智能汽车ETF易方达
516580,新能源ETF博时
516570,化工行业ETF易方达
516560,养老ETF
516550,农业ETF嘉实
516530,物流ETF银华
516520,智能驾驶ETF
516510,云计算ETF易方达
516500,生物科技ETF
516460,现金流ETF800鹏华
516390,新能源车ETF汇添富
516380,智能电动车ETF
516360,新材料ETF
516350,芯片ETF易方达
516330,物联网ETF
516320,高端装备ETF华夏
516310,银行ETF易方达
516300,中证1000ETF华泰柏瑞
516290,光伏ETF汇添富
516270,新能源50ETF
516260,物联网ETF华夏
516250,工程机械ETF富国
516230,光伏ETF招商
516220,化工ETF国泰
516210,银行ETF指数基金
516200,证券ETF指数基金
516190,传媒ETF华夏
516180,光伏ETF基金
516160,新能源ETF
516150,稀土ETF嘉实
516130,消费龙头ETF
516120,化工50ETF
516110,汽车ETF
516100,金融科技ETF华夏
516090,新能源ETF易方达
516080,创新药ETF易方达
516070,低碳ETF易方达
516060,创新药ETF工银
516050,科技龙头ETF工银
516020,化工ETF
516010,游戏ETF
516000,大数据ETF华夏
515990,一带一路ETF汇添富
515980,人工智能ETF
515970,工程机械ETF华夏
515960,医药ETF嘉实
515950,医药龙头ETF
515920,智能消费ETF博时
515910,质量ETF中金
515900,央企创新ETF博时
515890,红利ETF博时
515880,通信ETF
515860,科技ETF嘉实
515850,证券ETF富国
515810,中证800ETF易方达
515800,800ETF
515790,光伏ETF
515770,MSCI中国A股ETF摩根
515760,浙江国资ETF华夏
515750,科技50ETF
515730,家居家电ETF永赢
515720,金融科技ETF富国
515710,食品饮料ETF华宝
515700,新能车ETF
515680,央企创新ETF嘉实
515660,沪深300ETF国联安
515650,消费50ETF
515630,证券保险ETF鹏华
515600,央企创新ETF
515590,500等权ETF
515580,科技100ETF
515560,证券ETF建信
515550,中证500ETF国联
515530,中证500ETF泰康
515450,红利低波50ETF
515400,大数据ETF
515390,沪深300ETF指数基金
515380,沪深300ETF泰康
515370,光伏ETF华夏
515360,方正沪深300ETF
515350,沪深300ETF民生加银
515330,沪深300ETF天弘
515320,电子50ETF
515310,沪深300ETF汇添富
515300,300红利低波ETF嘉实
515290,银行ETF天弘
515260,电子ETF
515250,智能汽车ETF
515230,软件ETF
515220,煤炭ETF
515210,钢铁ETF
515200,创新100ETF申万菱信
515190,中证500ETF中银证券
515180,红利ETF易方达
515170,食品饮料ETF
515160,MSCI中国ETF招商
515150,一带一路ETF富国
515130,沪深300ETF博时
515120,创新药ETF
515110,一带一路ETF易方达
515100,红利低波100ETF
515090,可持续发展ETF博时
515080,中证红利ETF
515070,人工智能AIETF
515060,房地产ETF华夏
515050,通信ETF华夏
515030,新能源车ETF
515020,银行ETF华夏
515010,证券ETF华夏
515000,科技ETF
513990,港股通ETF招商
513980,港股科技50ETF
513970,恒生消费ETF
513950,恒生红利ETF
513920,港股通央企红利ETF
513910,港股央企红利ETF
513900,港股通100ETF
513890,恒生科技ETF摩根
513880,日经225ETF
513870,纳指ETF富国
513860,港股通科技ETF海富通
513850,美国50ETF易方达
513830,港股通高股息ETF嘉实
513820,港股通红利ETF汇添富
513810,港股国企ETF
513800,日本东证指数ETF南方
513780,港股创新药50ETF
513770,港股互联网ETF
513750,港股通非银ETF
513730,东南亚科技ETF
513720,港股互联网ETF国泰
513700,港股通医药ETF鹏华
513690,港股红利ETF博时
513660,恒生ETF
513650,标普500ETF南方
513630,港股低波红利ETF摩根
513600,恒生指数ETF南方
513590,港股通消费ETF鹏华
513580,恒生科技ETF指数
513560,香港科技ETF
513550,港股通50ETF
513530,港股通红利ETF华泰柏瑞
513520,日经ETF
513500,标普500ETF博时
513400,道琼斯ETF
513390,纳指100ETF博时
513380,恒生科技ETF广发
513360,教育ETF博时
513350,标普油气ETF
513330,恒生互联网ETF
513320,港股通新经济ETF易方达
513310,中韩半导体ETF
513300,纳斯达克ETF
513290,纳指生物科技ETF汇添富
513280,恒生生物科技ETF汇添富
513260,恒生科技ETF汇添富
513230,港股通消费ETF华夏
513220,中概互联ETF
513210,恒生ETF易方达
513200,港股通医药ETF易方达
513190,港股通金融ETF
513180,恒生科技指数ETF
513170,恒生央企ETF
513160,港股科技ETF银华
513150,港股通科技ETF华泰柏瑞
513140,港股金融ETF
513130,恒生科技ETF
513120,港股创新药ETF
513110,纳斯达克100ETF
513100,纳指ETF
513090,香港证券ETF易方达
513080,法国CAC40ETF
513070,港股通消费ETF易方达
513060,恒生医疗ETF博时
513050,中概互联网ETF易方达
513040,港股通互联网ETF易方达
513030,德国ETF
513020,港股科技ETF
513010,恒生科技ETF易方达
513000,日经225ETF易方达
512990,MSCIA股ETF华夏
512980,传媒ETF
512970,大湾区ETF
512960,央企结构调整ETF博时
512950,央企改革ETF华夏
512940,有色ETF华安
512930,AI人工智能ETF
512910,中证A100ETF
512900,证券ETF南方
512890,红利低波ETF华泰柏瑞
512880,证券ETF
512870,杭州湾区ETF南华
512820,银行ETF汇添富
512810,军工ETF华宝
512800,银行ETF
512770,战略新兴ETF
512760,芯片ETF
512750,基本面50ETF嘉实
512730,银行ETF鹏华
512720,计算机ETF
512710,军工龙头ETF
512700,银行ETF南方
512690,酒ETF
512680,军工ETF广发
512670,国防ETF
512660,军工ETF
512650,长三角ETF汇添富
512640,金融地产ETF嘉实
512630,卫星ETF广发
512620,农业ETF天弘
512600,消费ETF嘉实
512580,环保ETF
512570,证券ETF易方达
512560,军工ETF易方达
512550,富时A50ETF嘉实
512530,沪深300红利ETF建信
512520,MSCIETF
512510,中证500ETF华泰柏瑞
512500,中证500ETF华夏
512480,半导体ETF
512400,有色金属ETF
512390,平安MSCI低波ETF
512380,MSCI中国ETF银华
512370,A500增强ETF华夏
512360,MSCI中国A股ETF基金
512330,信息科技ETF南方
512290,生物医药ETF
512260,中证500低波动ETF
512250,A50ETF招商
512240,A50ETF鹏华
512220,TMTETF
512200,房地产ETF
512190,浙商之江凤凰ETF
512180,MSCIA股ETF建信
512170,医疗ETF
512160,MSCI中国A股ETF南方
512150,富时A50ETF汇安
512130,全指现金流ETF鹏华
512120,医药50ETF
512100,中证1000ETF
512090,MSCIA股ETF易方达
512080,A500ETF中金
512070,证券保险ETF易方达
512060,中证A100ETF天弘
512050,A500ETF基金
512040,价值100ETF
512030,中证A50增强ETF易方达
512020,A500ETF鹏华
512010,医药ETF易方达
512000,券商ETF
511990,华宝添益ETF
511980,现金添富ETF
511970,国寿货币ETF
511960,货币ETF嘉实
511950,添利货币ETF
511930,货币ETF国联
511920,广发货币ETF
511910,融通货币ETF
511900,富国货币ETF
511880,银华日利ETF
511860,货币ETF博时
511850,招商财富宝ETF
511830,华泰货币ETF
511820,鹏华添利ETF
511810,货币ETF南方
511800,易方达货币ETF
511770,金鹰增益货币ETF
511700,场内货币ETF
511690,交易货币ETF大成
511670,华泰天天金ETF
511660,货币ETF建信
511650,货币ETF华夏
511620,货币ETF国泰
511600,货币ETF
511580,国债政金债ETF招商
511520,政金债券ETF
511380,可转债ETF博时
511360,短融ETF海富通
511270,10年地方债ETF海富通
511260,十年国债ETF
511220,城投债ETF海富通
511200,信用债ETF华夏
511190,信用债ETF海富通
511180,可转债ETF海富通
511160,国债ETF东财
511150,科创债ETF永赢
511130,30年国债ETF博时
511120,科创债ETF广发
511110,公司债ETF易方达
511100,国债ETF华夏
511090,30年国债ETF
511070,公司债ETF南方
511060,5年地方债ETF海富通
511030,公司债ETF
511020,国债ETF5至10年
511010,国债ETF
510990,180ESGETF工银
510980,上证指数ETF汇添富
510950,上证50ETF广发
510900,恒生中国企业ETF易方达
510880,红利ETF华泰柏瑞
510850,上证50ETF工银
510810,上海国企ETF汇添富
510800,上证50ETF建信
510770,G60创新ETF申万菱信
510760,上证指数ETF国泰
510720,红利国企ETF国泰
510710,上证50ETF博时
510680,上证50ETF万家
510670,上证180ETF华夏
510660,医药ETF华夏
510650,金融地产ETF华夏
510630,消费ETF华夏
510600,上证50ETF申万菱信
510590,中证500ETF平安
510580,中证500ETF易方达
510570,中证500ETF兴业
510560,中证500ETF国寿
510550,方正中证500ETF
510530,中证500ETF工银
510510,中证500ETF广发
510500,中证500ETF
510410,资源ETF博时
510390,沪深300ETF平安
510380,沪深300ETF国寿
510370,沪深300ETF兴业
510360,沪深300ETF广发
510350,沪深300ETF工银
510330,沪深300ETF华夏
510320,沪深300ETF中金
510310,沪深300ETF易方达
510300,沪深300ETF华泰柏瑞
510290,上证380ETF南方
510270,国企ETF
510230,金融ETF
510210,上证指数ETF
510200,上证券商ETF汇安
510190,上证50ETF华安
510180,上证180ETF
510170,大宗商品ETF
510160,产业升级ETF南方
510150,消费ETF
510130,上证中盘ETF易方达
510100,上证50ETF易方达
510090,责任ETF建信
510060,央企ETF工银
510050,上证50ETF
510040,上证180ETF鹏华
510030,价值ETF
510020,超大盘ETF博时
510010,180治理ETF交银
